ID,Ang_Vel_X,Ang_Vel_Y,Ang_Vel_Z,Lin_Acc_X,Lin_Acc_Y,Lin_Acc_Z
0.1,-0.00630054,0.00422245,-0.00118668,0.00823742,-0.00328127,9.80131
0.11,-0.00722689,-0.00136012,-0.0038118,-0.0100489,0.00702913,9.80759
0.12,-0.0021105,0.00704988,-0.00521364,-0.000641941,-0.00545359,9.80645
0.13,-0.00557337,0.00565955,-0.00528962,0.00147148,-0.0033386,9.79954
0.14,0.00256691,0.00593847,-0.00235807,-0.0116817,0.00467304,9.7948
0.15,-0.0108653,0.00480712,-0.000673476,-0.00245266,-0.00869712,9.7982
0.16,-0.00115711,0.00818974,0.00600165,-0.00105157,0.0119537,9.79954
0.17,-0.000992183,0.0066356,-0.00645511,-0.011435,-0.00546582,9.80277
0.18,-0.00268354,0.000972681,-0.00192137,-0.00454638,0.00638981,9.79779
0.19,-0.00537838,0.0111483,-0.00334593,0.00658911,-0.00452965,9.79991
0.2,-0.00335446,-0.000748453,0.0066456,0.00438907,-0.000585921,9.7999
0.21,-0.00288003,0.0128276,-0.000234134,8.7084e-05,0.0035997,9.80109
0.22,-0.00676018,-0.00204376,0.0113391,-0.00562393,0.00467512,9.80336
1.1,-0.00645612,0.00490852,0.00603026,2.56011e-05,0.00236358,9.80076
1.11,0.00255608,-0.00912322,0.00230726,0.00430415,-0.00382307,9.8023
1.12,0.00114345,-0.000998421,0.0134899,0.000509665,-0.0076889,9.79997
1.13,-0.004496,0.00322171,0.00190482,-0.0048953,-0.000727091,9.80647
1.14,-0.00469842,0.00430782,-0.00207554,-0.00364374,0.00412558,9.80358
1.15,-0.0120423,0.00908262,-0.00481856,-0.00667133,-8.64375e-05,9.7937
1.16,-0.00425291,0.00427399,0.00380785,0.00313296,0.00331474,9.79491
1.17,-0.00392308,0.00170489,-0.00150931,-0.0038514,0.000727515,9.79468
1.18,-0.0019608,0.00955317,0.00172742,0.00343819,0.00145134,9.80945
1.19,-0.00429968,0.00880106,0.00870358,0.000584764,0.00607135,9.79699
1.2,0.00598611,0.00124256,0.00745097,-0.00555796,-0.00754922,9.80644
1.21,-0.0157284,-0.00269147,0.00161833,0.00615707,-0.00309333,9.79619
2.1,-0.00538912,-7.95557e-05,0.00895591,-0.00562868,0.00629219,9.80532
2.11,-0.00747801,-0.00680071,0.000374923,0.00123778,0.000304535,9.79118
2.12,-0.00359285,0.0107286,0.000128644,-0.000867074,0.00184033,9.79999
2.13,-0.00633539,0.00230773,0.000639295,0.00593895,0.0051682,9.80003
2.14,-0.0105669,0.00811729,0.00301444,-0.00450471,0.0015058,9.79905
2.15,0.0013443,0.00246085,0.00307334,0.00201451,-0.00594263,9.79938
2.16,-0.0013127,-0.000964218,-0.00278308,-0.00191493,0.00085018,9.79887
2.17,-0.00150165,-0.00131054,0.011158,0.00737942,-0.00310908,9.79918
2.18,-0.0101233,0.0106688,0.0022325,-0.00542206,-0.000618105,9.79975
2.19,0.00669783,0.00818097,0.000198106,-0.00769582,-0.00113924,9.79909
2.2,-0.00193482,0.0161509,0.00544766,-0.00280501,-0.0145076,9.79402
2.21,0.00439963,0.0015439,-4.88333e-05,-0.00379984,0.00629534,9.8029
2.22,0.00564263,-0.00332822,0.00631379,0.000396786,-0.00300121,9.79736
3.1,-0.00545841,0.00715293,0.00178491,0.00265212,-0.00136303,9.80371
3.11,-0.00157638,-0.00113103,-0.00351537,-0.00920046,-0.00219697,9.79885
3.12,-0.00219181,0.00247803,0.0115478,-0.00522849,-0.00320974,9.80504
3.13,-0.00777758,0.00542908,0.00769682,-0.00429965,0.00119774,9.80112
3.14,-0.0049289,-0.00527686,-0.00117306,-0.00742703,-0.00626665,9.80059
3.15,-0.00734366,0.0031934,-0.000208161,0.000400417,-0.00417459,9.78803
3.16,-0.00278391,-0.000142338,0.00547358,0.0102434,-0.00476571,9.80436
3.17,0.000486444,0.00530987,-0.00152971,-0.00139278,-0.000803646,9.79655
3.18,0.00257659,0.00254215,-0.00629487,-0.0134917,0.00543796,9.79599
3.19,0.00267804,-0.00412665,-0.00986269,0.00441914,-0.007167,9.80396
3.2,0.00330282,-0.00637068,0.000164488,0.00390968,0.00460691,9.80288
3.21,0.00100143,-0.00600162,0.0103401,-0.00550436,-0.00522258,9.80425
3.22,-0.00460755,-0.00245864,0.000457263,0.0122747,-0.0055652,9.80184
4.1,-0.00408661,0.0015305,-0.00218876,0.000809195,0.00307006,9.80056
4.11,-0.00382088,0.00336333,-0.00609256,-0.00303824,-0.00189235,9.79931
4.12,0.00251945,-0.00934008,-0.00462693,0.00380662,-0.00300619,9.791
4.13,0.000784323,0.00656399,-0.00581423,-0.00302074,0.00334673,9.7946
4.14,0.00214417,-0.000304024,-0.00084331,-0.00126418,-0.00423095,9.79809
4.15,0.00154897,0.00837251,0.000164957,9.1939e-05,-0.00287069,9.80342
4.16,-0.00408946,-0.000607945,0.00654991,0.00444862,-0.00569498,9.80744
4.17,0.00029476,0.00806521,0.00645928,-0.0116233,-0.00198252,9.79835
4.18,-0.00390039,-0.000291438,0.00342652,0.00343154,-0.00433236,9.80698
4.19,0.0027404,0.00751834,0.00863631,-0.00440614,-0.0101331,9.80064
4.2,0.00232234,0.00104891,0.0117488,-0.00760338,0.00308042,9.80378
4.21,0.00368884,0.00240095,-0.00391238,0.00365087,-0.00332242,9.79517
4.22,0.00106869,-0.00157963,-0.000862496,0.00530449,0.00717482,9.80501
5.1,-0.00707341,0.00024866,0.0100774,1.54375,-0.000879298,9.79836
5.11,0.00274369,-0.00183565,0.00269281,4.48568,-0.00511713,9.80182
5.12,-0.00209145,-0.000860965,-0.00964094,4.72514,0.00602626,9.8028
5.13,-0.00299217,0.00368047,0.00239449,4.96539,0.00107316,9.79467
5.14,-0.00680732,0.00535767,0.00607241,5.17452,0.00130875,9.8013
5.15,-0.00140684,0.00498284,-0.00199012,4.12386,0.00455563,9.79474
5.16,0.00137458,-0.00828359,-0.00684936,-0.0124595,0.00247874,9.80307
5.17,0.004077,0.00237051,-0.0017177,0.0146175,-0.00480458,9.79339
5.18,-0.00402022,0.0036687,0.00604421,0.0082737,0.00353579,9.80125
5.19,0.00153734,0.000284625,-0.000179293,0.000659495,-0.008363,9.815
5.2,-0.00143857,0.00918321,-0.0105456,-0.00208345,-0.00261471,9.79317
6.1,0.00425057,0.00502014,-0.000694655,0.00215086,-0.00545364,9.80098
6.11,-0.00433398,0.00610602,0.00732814,0.0024478,-0.00414842,9.80202
6.12,0.00642803,-0.00239944,0.00335675,-1.39657,-0.011403,9.79929
6.13,0.000633315,-0.000367461,-0.00417903,-1.55533,0.0116895,9.80291
6.14,-0.00831143,-0.000718407,0.00287864,-1.5545,0.00157355,9.80375
6.15,-0.00103113,0.000829015,0.00124841,-1.5404,-0.00443684,9.79831
6.16,-0.00316294,0.0015273,0.00638517,-1.5548,-0.0037753,9.80189
6.17,-0.0182273,-0.00286325,-0.00558767,-1.54995,0.00108272,9.80393
6.18,-0.00533233,-0.00601563,-0.00091535,-1.54885,0.00810251,9.78883
6.19,0.0045493,0.0103056,0.0027795,-1.55364,-0.00482629,9.80408
6.2,-0.00334352,0.0054938,0.00219397,-1.55183,0.00660684,9.8019
6.21,-0.0092019,-0.00643938,-0.00370788,-1.55652,0.00438771,9.79506
6.22,0.00398612,0.00393535,0.00260323,-1.55608,0.00220633,9.79672
6.23,-0.00307793,-0.00377188,-0.000501457,-1.54954,0.0010758,9.80554
7.1,-0.007268,0.0062697,0.000187354,-1.56178,-0.00149245,9.79833
7.11,-0.000403639,0.00130859,0.00830204,-1.54882,-0.00303644,9.79987
7.12,-0.00177992,0.00692916,0.0034138,-1.23666,0.00442264,9.70785
7.13,-0.000504495,0.00750498,-0.00269188,3.69016,-0.0160959,9.89724
7.14,-0.0037224,0.00145531,-0.00597639,3.12231,0.00287822,9.80879
7.15,-0.0100166,0.00961654,0.00135592,2.33766,-0.0401431,9.80487
7.16,-0.00504159,0.0105855,-0.0513686,1.64566,0.0080372,9.8078
7.17,0.00183556,-0.000538544,-0.0760282,1.39433,-0.044519,9.8009
7.18,-0.0124951,0.000454391,-0.0502375,1.1074,-0.0447882,9.79792
7.19,-0.00851937,0.00877806,0.00412678,0.783747,0.0815237,9.82197
7.2,0.0094483,-0.00174624,0.0152289,0.785168,-0.0121312,9.77852
8.1,-0.00709674,-0.00169035,0.0107809,1.12595,0.0430374,9.80093
8.11,0.00153014,0.00193946,-1.11788e-06,1.46512,-0.0288216,9.80273
8.12,-0.00120227,0.0131757,-0.0024362,1.7988,-0.00302692,9.80255
8.13,-0.00594277,0.00422838,-0.00761534,2.13955,0.00701159,9.79562
8.14,-0.00119393,-0.00273598,0.00584911,1.34977,-0.00683265,9.8137
8.15,-0.00785799,0.00774703,-0.00628645,4.96133e-05,0.0115497,9.79178
8.16,-0.00220295,0.00289938,0.00630425,-0.00604944,0.000594301,9.80427
8.17,-0.00837958,0.00130257,0.000235686,0.0022777,-0.0040272,9.80296
8.18,-0.00664862,-0.00421619,0.00287216,0.00618115,0.00847475,9.79942
8.19,-0.00458121,0.0107079,-0.00054533,0.00278253,0.000883461,9.80137
8.2,0.00244698,-0.00500095,0.000934159,-0.00251064,-0.00740619,9.80152
8.21,0.00989163,0.00451161,-0.00309843,-0.00677037,0.00332163,9.81092
8.22,0.0021714,0.000243722,-0.000528522,-0.0117034,0.00564031,9.80531
9.1,-0.00522152,0.00863058,0.00790876,0.000131519,0.00127526,9.78954
9.11,-0.00247991,0.00808968,0.00255987,0.00615951,-0.00980037,9.80039
9.12,-0.00233989,-0.0074647,0.00374189,0.00574012,-0.00131115,9.79432
9.13,-0.00536819,-0.00100663,0.00336797,0.000429188,-0.00961187,9.80298
9.14,0.00519276,-0.000568757,0.00142059,0.00309713,-0.00481887,9.80084
9.15,-0.00957578,0.00297487,-7.02043e-05,-0.00264133,-0.000622673,9.79508
9.16,0.00157167,0.0042789,0.00306592,0.00879318,-0.00120459,9.78836
9.17,0.00512984,-0.00137117,0.00792638,-0.00419986,-0.00487088,9.8018
9.18,-0.00318211,-0.00729598,0.00580495,-0.00574749,-0.00135795,9.81416
9.19,0.00252803,0.00475915,-0.00212518,-0.00219798,0.00355497,9.80214
9.2,-0.0092067,-0.00892716,-0.0068851,0.0012298,-0.00178169,9.79998
9.21,-0.00602987,0.00448072,-0.00112929,0.00680828,-0.00614069,9.79605
10.1,-0.00550783,0.0113665,0.00366315,0.0165195,-0.00336424,9.80294
10.11,-0.00889857,0.00259054,-7.9766e-05,-0.0136153,0.000450366,9.79325
10.12,0.0102797,-0.000560564,0.00508143,-0.0125426,-0.00681316,9.79821
10.13,-0.00515592,-0.00201926,0.00121175,-0.0174258,0.00223898,9.80222
10.14,-0.00155291,-0.00574365,-0.00138665,-0.0216846,0.00393254,9.80394
10.15,-0.0074465,0.006912,0.00137551,0.00176436,0.00846344,9.80094
10.16,-0.00339686,-0.00512491,-0.000849664,0.00123794,-0.00219221,9.80983
10.17,0.00716179,0.00628916,0.00363254,-0.00335677,-0.00409834,9.80863
10.18,-0.00774934,0.00115845,-0.00377163,-0.000906761,0.00103262,9.79665
10.19,-0.00965653,-0.00737785,0.00520393,0.00388514,-0.00462716,9.80613
10.2,-0.0062349,0.0134365,-0.00245128,-0.00286364,-0.00612294,9.80059
10.21,-0.00881333,-0.000994483,0.00881591,0.00920028,-0.000480821,9.79572
10.22,0.00594918,-2.25195e-05,0.00296489,0.00569574,-0.00577175,9.80046
11.1,0.00154246,0.0054565,0.00187129,0.00436654,-0.000480084,9.79691
11.11,-0.00318067,0.00793857,-0.00195633,0.00640044,0.00288803,9.80883
11.12,-0.0012014,0.00818361,0.00388877,0.00262368,-0.0120212,9.80006
11.13,0.0014319,0.00306812,-0.000416243,0.000555402,0.00726264,9.8044
11.14,-0.00179894,0.00355439,0.00427718,0.00330265,0.00759562,9.81123
11.15,-0.00170459,0.00998532,-0.0021093,-0.00758345,0.0110589,9.79738
11.16,0.00251038,-0.00319183,-0.000788078,-0.00896385,-0.000355658,9.80035
11.17,-0.00242465,0.00208542,-0.0153111,0.197667,0.0447972,9.8011
11.18,0.00150984,-0.00283041,-0.140569,0.914094,0.0539994,9.8046
11.19,0.00386394,-0.000247422,-0.313257,1.13564,-0.0179071,9.80902
11.2,-0.00224835,0.000189766,-0.48038,1.30192,-0.0799776,9.79969
11.21,-0.00768761,0.0013665,-0.648772,1.38094,-0.104239,9.80115
12.1,-0.00207279,-0.00192665,-0.788109,0.617797,0.128661,9.80705
12.11,-0.00253538,0.00558699,-0.830784,-0.255447,0.364727,9.80183
12.12,0.00194017,0.0103885,-0.865864,-0.340188,0.355595,9.79864
12.13,0.00735813,0.00751377,-0.90908,-0.432135,0.343901,9.81056
12.14,-0.000450157,-0.00427335,-0.959355,-0.601965,0.330795,9.80606
12.15,-0.00524315,0.0082255,-1.02016,-0.977573,0.254201,9.78762
12.16,-0.00304598,-0.000184345,-1.0615,-0.748435,0.231941,9.80711
12.17,-0.00455228,0.00485106,-1.11371,-0.403151,0.190896,9.80128
12.18,-0.0127084,0.00715956,-1.09005,-2.17037,-1.3915,9.80496
12.19,0.00203456,0.00136842,-0.869998,-3.1082,-2.1069,9.80107
12.2,0.000592881,0.00367422,-0.591547,-3.16265,-2.03217,9.79887
12.21,-0.00851603,0.0148022,-0.327537,-3.16256,-1.90828,9.79798
12.22,-0.00585278,-0.00044416,-0.0577991,-3.1332,-1.33419,9.79602
12.23,0.00238131,-0.00406126,0.011286,-3.02009,0.0437145,9.79913
13.1,-0.00137693,-0.000134804,0.00780557,-3.02898,-0.00106182,9.81592
13.11,-0.00283102,-0.00729275,0.00295141,-3.03016,-0.00763421,9.79507
13.12,-0.000209134,-0.00123783,0.00731058,-1.96625,-0.00410571,9.79921
13.13,-0.00320526,0.00190391,-0.00557181,0.0178328,-0.00237983,9.80082
13.14,-0.00215403,0.00648862,0.004137,0.00214319,0.00350795,9.78783
13.15,-0.000174814,-0.00157592,-0.00267932,0.00242719,0.00205798,9.79557
13.16,-0.00485139,-0.00362301,0.00827767,0.00112125,-0.00724653,9.79926
13.17,0.00690744,0.000536827,0.00987972,-0.00163301,-0.00805768,9.79944
13.18,0.00652275,0.00408832,-0.000928802,0.000181493,0.000648874,9.81032
13.19,-0.00106891,0.00278014,0.0133945,2.39683,0.00258365,9.79611
13.2,0.004727,-0.00859703,-0.0116119,3.01355,-0.00875319,9.79713
14.1,0.00099415,0.0129287,0.00581238,3.09872,0.00150695,9.80277
14.11,-0.00608824,-0.00117097,0.00802587,2.81343,0.0164292,9.78855
14.12,0.00236064,-0.000745493,-0.0675546,1.29206,-0.0108888,9.81606
14.13,3.7944e-06,-0.00611056,-0.160344,1.59683,-0.0412521,9.79594
14.14,-0.000298572,0.0092222,-0.254524,1.90423,-0.0852897,9.79272
14.15,-0.000952606,0.00314071,-0.36308,2.17471,-0.123751,9.8008
14.16,0.0030481,0.00591323,-0.462456,2.44299,-0.161503,9.79411
14.17,-0.00555684,0.00519225,-0.574531,2.64117,-0.164156,9.80799
14.18,0.0051704,0.00592188,-0.675699,2.759,-0.136764,9.79813
14.19,-0.00755965,0.000191642,-0.78984,2.83923,-0.361575,9.8028
14.2,-0.00657859,0.00363449,-0.8579,1.42212,-0.232933,9.80821
14.21,-0.00964604,-0.00111951,-0.802228,0.464919,0.0715811,9.80617
14.22,-0.00172579,-0.00324408,-0.778487,0.154568,0.132321,9.8062
15.1,-0.00587387,0.00100337,-0.79024,-0.194336,0.174432,9.79883
15.11,-0.00495848,-0.000567895,-0.819056,-0.598205,0.184764,9.80985
15.12,-0.00542182,-0.000140759,-0.867891,-1.14165,0.16977,9.80371
15.13,-0.0115676,0.00737217,-0.918286,-1.03476,0.153854,9.80321
15.14,-0.00545841,-0.00884237,-0.997086,-0.983421,0.252065,9.79465
15.15,-0.00348203,0.00529781,-1.09269,-0.923423,0.350163,9.79153
15.16,-0.00670254,-0.0069408,-1.19619,-0.846972,0.420319,9.8045
15.17,0.000320161,0.000747815,-1.30193,0.136644,0.190538,9.80183
15.18,-0.000854772,0.0040861,-1.33424,0.592812,-0.0117826,9.7943
15.19,-0.000734584,-0.00119185,-1.35542,0.279692,-0.561619,9.79909
15.2,-0.00173017,0.00492853,-1.34511,0.25365,-0.700996,9.80532
15.21,-0.000313074,0.00540568,-1.35126,0.25415,-0.67099,9.80279
16.1,-0.0113055,0.000199315,-1.35431,0.262792,-0.650363,9.80964
16.11,-0.00770759,-0.000551299,-1.35038,0.267596,-0.672662,9.80333
16.12,-0.00154921,0.00164821,-1.35533,0.260559,-0.662956,9.79302
16.13,0.00309874,-0.00671856,-1.35797,0.257373,-0.654022,9.80243
16.14,-0.00390978,0.00840243,-1.35407,0.177313,-0.706194,9.81021
16.15,0.00058171,0.00622585,-1.35104,0.242852,-0.676821,9.79771
16.16,-0.00526985,-0.0035069,-1.36141,0.243023,-0.664432,9.7988
16.17,0.00635747,-0.00256737,-1.35958,0.240028,-0.674086,9.80137
16.18,-0.0139028,0.00453894,-1.34924,0.19344,-0.687659,9.81231
16.19,-0.00148571,0.00924875,-1.33406,-0.121133,-0.859695,9.80023
16.2,-0.00606334,0.00262351,-1.27939,-0.316048,-1.04292,9.79379
16.21,-0.00309931,0.0199624,-1.24371,-0.174345,-0.841039,9.7953
16.22,-0.000161799,0.00289215,-1.20833,-0.00593183,-0.717315,9.80494
16.23,-0.00658781,0.00403667,-1.20411,0.154896,-0.597471,9.80038
17.1,-0.005596,0.00142309,-1.19541,0.333007,-0.50915,9.80673
17.11,0.000797397,0.00918849,-1.22205,0.49445,-0.385219,9.79854
17.12,-0.0132028,-0.00911389,-1.26538,0.676919,-0.309241,9.79142
17.13,-0.00325247,0.00167874,-1.30556,0.817007,-0.273128,9.79893
17.14,-0.00155431,0.00403475,-1.35167,0.443015,-0.533138,9.79699
17.15,-0.00885988,-0.000876885,-1.34939,0.255821,-0.70174,9.80384
17.16,0.00464286,0.00684737,-1.34798,0.256144,-0.664125,9.80804
17.17,-0.00601878,0.00534515,-1.35921,0.261506,-0.663527,9.79569
17.18,-0.0136434,0.00726916,-1.34544,0.181863,-0.676414,9.80126
17.19,0.00407065,0.00644673,-1.3511,0.244605,-0.690867,9.79492
17.2,-0.00242407,0.00524977,-1.36091,0.23713,-0.676887,9.80214
18.1,-0.00495732,-0.00156913,-1.35206,0.237502,-0.667787,9.80184
18.11,0.002837,-0.00221836,-1.35769,0.241283,-0.668086,9.80294
18.12,0.00271116,0.00730735,-1.35128,0.220992,-0.646898,9.79943
18.13,-0.00801177,0.002758,-1.35864,0.170331,-0.716255,9.79891
18.14,0.00714444,-0.00133945,-1.32131,-0.228288,-0.939023,9.80493
18.15,-0.00771015,-0.00315583,-1.27919,-0.164014,-0.919285,9.80281
18.16,-0.00234686,0.00265898,-1.24991,0.0182951,-0.743565,9.7972
18.17,-0.00233087,-0.00735137,-1.23958,0.214224,-0.59805,9.79945
18.18,-0.0053943,0.0024297,-1.24893,0.417287,-0.485126,9.80565
18.19,0.00328063,-0.0028056,-1.26949,0.640187,-0.394463,9.81199
18.2,-0.00372716,0.00284874,-1.32825,0.783023,-0.27132,9.80604
18.21,0.00472491,0.00188332,-1.34852,0.261209,-0.681876,9.79468
18.22,-0.00334293,-0.00073739,-1.34946,0.263924,-0.66328,9.79969
18.23,-0.00524759,-0.00432425,-1.34906,0.263991,-0.672969,9.8064
19.1,0.00252797,-8.10921e-05,-1.34614,0.256126,-0.673172,9.79436
19.11,0.00674407,-0.00659993,-1.23205,-0.170986,-2.70563,9.79372
19.12,-0.0112764,0.00271029,-0.72107,-0.664352,-4.22983,9.80359
19.13,-0.008566,0.000119008,-0.186068,0.978854,-3.04742,9.79367
19.14,0.00116992,0.000816991,-0.00648022,0.168357,0.0522623,9.80075
19.15,-0.00289208,0.00192598,0.00268396,-0.000690529,-0.0129103,9.80128
19.16,-0.00240381,0.00353918,-0.00303735,0.00440518,-0.0072987,9.79323
19.17,-0.00593852,-0.00191269,-0.0021452,-0.00215227,0.00186796,9.80331
19.18,-0.000682826,0.00412143,0.00333006,0.00529894,0.0158471,9.79018
19.19,-0.00646708,0.00573998,3.48607e-05,-0.0143875,-0.00177576,9.80078
19.2,-0.00589707,-0.000237333,-0.00121481,0.00266201,-0.00487148,9.8093
20.1,-0.00989561,0.00333687,0.00469509,0.00377612,-0.0133009,9.80029
20.11,-0.0021788,-0.00207949,-0.00309545,-0.00740932,-0.00828781,9.80615
20.12,-0.00234751,-0.00150771,-0.00265746,-0.981419,0.0858559,9.80136
20.13,0.0039697,0.0068708,-0.0791926,-2.46802,0.387855,9.80254
20.14,-0.00960105,0.00635809,-0.171737,-2.48434,0.469675,9.79463
20.15,-0.00169934,-0.0023756,-0.255989,-2.46525,0.450431,9.79517
20.16,-0.00546627,0.00183655,-0.331671,-2.47243,0.441874,9.80571
20.17,-0.00635915,0.00304394,-0.419889,-2.46581,0.412491,9.79661
20.18,0.000992341,0.00747724,-0.499044,-2.47053,0.427468,9.79408
20.19,-0.000150416,0.000913698,-0.579365,-2.44692,0.454994,9.81153
20.2,-0.00611108,-0.00285782,-0.594168,-0.700704,-0.0421457,9.79228
20.21,-0.00416102,0.00222499,-0.532271,-0.528342,-0.531526,9.80751
20.22,-0.00711919,-0.00482046,-0.490036,-0.605381,-0.452744,9.7994
21.1,-0.00713527,-0.00528251,-0.413443,-0.621788,-0.448889,9.79979
21.11,-0.00381717,0.00300642,-0.353607,-0.626192,-0.428918,9.80981
21.12,-0.00323521,-0.00270289,-0.28957,-0.631717,-0.42718,9.78693
21.13,-0.00573607,-0.00667062,-0.240545,-0.641693,-0.419189,9.80691
21.14,-0.00804682,0.00144268,-0.136404,0.421444,-0.730036,9.80646
21.15,-0.00706799,0.00189794,-0.0174046,1.18812,-0.636692,9.8043
21.16,-0.00899079,-0.000708984,0.0376682,1.3454,0.0282097,9.8084
21.17,-0.0101921,0.00513964,0.0509928,1.66985,0.0998729,9.79893
21.18,0.0043087,0.00857832,0.0242501,1.98013,0.0555216,9.79843
21.19,0.00247634,0.00690872,0.0205889,2.30339,-0.149103,9.79846
21.2,5.19597e-05,0.00324515,-0.00405322,2.66461,0.00601612,9.80007
21.21,0.00313975,-0.00149005,0.0012365,2.97702,0.00138314,9.80132
22.1,-0.00927741,0.00595725,0.000777578,3.28334,-0.00110438,9.79527
22.11,-0.00406934,-0.00159664,0.00304462,3.59278,0.000883374,9.8015
22.12,-0.00515673,0.00416942,0.00143505,1.49834,-0.00183547,9.79846
22.13,-0.00674876,-0.00331303,-0.00168704,0.00917362,-0.00520656,9.80255
22.14,-0.0127796,0.0114659,0.00337842,0.0111412,0.0104837,9.79893
22.15,-0.00262945,-0.00551068,-0.00557646,0.00726225,-0.012121,9.80123
22.16,-0.000158988,0.00176027,0.00333536,0.00435303,-0.0035718,9.80246
22.17,0.00959011,0.00774899,0.000540034,0.00295531,2.16372e-05,9.80516
22.18,-0.0031764,0.00816343,0.00337248,0.00446936,0.00266904,9.79353
22.19,-0.0116986,0.00614404,-0.00187354,0.00268214,0.00332281,9.807
22.2,0.00499714,0.00687923,0.00775617,0.00360307,-0.0085581,9.80305
22.21,-0.0016491,-0.00131672,-0.00346871,-0.00237005,0.00104395,9.80775
22.22,-0.0045742,0.00563447,0.00330286,-0.000861554,0.00427113,9.79667
23.1,-0.00179221,0.00638896,-0.000784439,0.000971896,-0.00101244,9.80208
23.11,0.00254804,-0.00337968,-0.00534282,0.000899193,0.00278989,9.80304
23.12,-0.0115075,0.00598815,-0.00471487,0.00124905,-0.00539689,9.80656
23.13,-0.00769317,0.00411161,0.0026946,0.00227669,-0.00166577,9.79434
23.14,0.00262217,0.00749061,-0.00269938,0.0271421,-0.00413875,9.80515
23.15,0.00180386,0.00166536,0.015243,-0.0266755,0.00326093,9.80467
23.16,0.000914446,0.00342797,0.00586414,-0.0125918,-0.00737624,9.80842
23.17,-0.00891395,-0.000929415,0.00161645,-0.00221646,-0.000616719,9.79771
23.18,-0.00955514,0.00538671,-0.000944592,-0.00440212,-0.00112737,9.79729
23.19,-0.00639117,0.00260401,-0.00363865,-0.00899035,-0.00157186,9.80483
23.2,-0.0119335,0.00773737,0.0032969,-0.0124208,-0.00334778,9.80624
23.21,0.000105581,0.00600879,-1.87156e-05,-0.0196674,0.00913347,9.80046
24.1,-6.91979e-05,-0.000324044,0.00884593,0.0240059,-0.00216389,9.79377
24.11,-0.0037541,-0.0060281,-0.00134043,0.00433554,-0.00301714,9.80189
24.12,-0.0031902,-0.00489652,-0.00121469,-0.00384481,-0.000267785,9.80529
24.13,0.00244351,0.00128703,0.00751906,0.00619939,0.00978263,9.80072
24.14,-0.00550718,-0.00213697,0.00352982,-0.0018822,0.00778967,9.80026
24.15,-0.0115584,0.00221588,-0.00025636,-0.000112948,0.00140671,9.7996
24.16,-0.000844137,0.00737669,0.00247303,-0.000920903,-0.00106522,9.79386
24.17,-0.00280382,0.00364007,0.00158789,0.00210787,-0.00417259,9.80486
24.18,-0.00187536,0.00681101,-0.000762142,0.00327066,0.00385112,9.80329
24.19,-0.00392786,0.00620199,-0.00303167,0.0072142,0.00553633,9.79699
24.2,-0.00264903,0.00170204,-0.000270278,0.000567468,-0.00413628,9.79853
24.21,0.00349658,0.00588666,0.00938882,0.00224493,-0.000298907,9.80002
24.22,0.00813843,0.00871391,0.00114126,-0.00280246,-0.00306066,9.79965
25.1,-0.00576907,-0.0035072,0.00234148,0.00556558,0.0102037,9.80921
25.11,-0.00403241,-0.00383152,0.00857134,0.00494858,-0.00946577,9.79591
25.12,0.00635729,0.00893699,0.00339789,-0.00202295,-0.00126819,9.80084
25.13,0.00183365,-0.00416297,0.00549722,-0.000237024,0.00330224,9.79511
25.14,-0.000850538,-0.000373522,-0.0648553,1.3348,-0.0544206,9.80251
25.15,0.000739981,-0.00450669,-0.207183,1.95193,-0.209754,9.8075
25.16,-0.012248,0.0012104,-0.34603,2.06969,-0.224728,9.7964
25.17,-0.00662446,0.00127196,-0.47805,2.05968,-0.203743,9.80548
25.18,-0.00376988,0.00292526,-0.565068,0.800884,0.0373961,9.80091
25.19,-0.00268112,0.000148675,-0.552328,0.218104,0.127657,9.80225
25.2,-0.000770597,0.00375123,-0.534829,0.108467,0.126985,9.80048
25.21,0.00467738,0.0100961,-0.524798,-0.0270933,0.110985,9.80321
26.1,0.00452693,0.00286078,-0.547496,-0.220128,0.106427,9.7997
26.11,-0.0028212,0.00707482,-0.547353,-0.223079,0.0601283,9.8006
26.12,0.0012423,0.00527825,-0.565803,0.123612,0.0651182,9.79671
26.13,0.00513046,-0.00237224,-0.558864,0.253061,0.0542705,9.8129
26.14,-0.00377162,0.00590101,-0.519273,-0.556063,-0.873165,9.80235
26.15,-0.00572845,-0.00182993,-0.216888,-2.95549,-2.9813,9.778
26.16,-0.00425639,-0.00748511,0.0554303,-2.68748,-0.68353,9.80841
26.17,-0.00329849,-0.00274417,0.167906,-2.67246,-0.498959,9.81265
26.18,0.0102824,0.00538846,0.264312,-2.65776,-0.321674,9.80524
26.19,0.00372082,0.0155827,0.344913,-2.7147,-0.3938,9.79993
26.2,-0.00633295,0.00649823,0.426979,-2.71337,-0.413509,9.80425
26.21,-0.000878678,-0.00303777,0.522605,-2.72413,-0.412775,9.79798
26.22,-0.00393462,0.00882942,0.61436,-2.73033,-0.403772,9.79475
26.23,0.000990851,0.00663184,0.710401,-2.70829,-0.41114,9.79991
27.1,-0.00140763,0.00228858,0.714007,-0.908206,-0.0181166,9.80283
27.11,-0.00241893,0.00752095,0.642075,-0.591388,0.555133,9.80299
27.12,-0.00587039,0.00789425,0.578853,-0.647902,0.514995,9.81325
27.13,-0.00286289,0.00769225,0.522456,-0.648455,0.498866,9.80248
27.14,0.00172762,0.00181126,0.45548,-0.648795,0.478675,9.80509
27.15,0.000919348,0.00240272,0.370513,-0.240538,0.568419,9.80767
27.16,0.000626065,-0.00626024,0.237494,1.17851,1.19254,9.80576
27.17,0.000446134,-0.0036714,0.0671532,1.40947,1.06463,9.7956
27.18,-0.00322991,0.0080095,-0.0419842,1.81954,-0.093449,9.80421
27.19,-0.00168121,0.0130547,-0.071764,2.14821,-0.21139,9.80808
27.2,-0.00133159,0.00357799,-0.0990962,2.06578,-0.243103,9.81519
28.1,0.000503617,0.0191299,-0.210044,1.42902,-0.105923,9.79486
28.11,-0.000696719,-0.00940184,-0.346749,1.47065,-0.176767,9.80477
28.12,-0.00245192,0.00959043,-0.496921,1.42966,-0.148389,9.80911
28.13,-0.00498829,0.00466422,-0.651247,1.46369,-0.153096,9.79827
28.14,0.0056547,0.00103727,-0.791469,1.51237,-0.218272,9.79655
28.15,-0.00763342,0.000161181,-0.954192,1.41073,-0.166455,9.80459
28.16,0.0104099,-0.000832571,-1.06293,1.19138,-0.0950941,9.80031
28.17,-0.00148807,0.00168798,-1.17471,0.878474,0.0148951,9.80033
28.18,-0.0122213,0.0107878,-1.22832,0.440677,0.158142,9.81143
28.19,0.00168816,0.00105601,-1.25312,-0.0701719,0.270999,9.80462
28.2,-0.00914363,0.00772655,-1.21691,-0.605074,0.248064,9.78774
28.21,-0.00485469,0.0054461,-1.13399,-0.594474,0.0987635,9.81505
28.22,-0.00830407,0.0122806,-1.07944,-0.449106,0.132185,9.79485
28.23,-0.0067257,-0.00522331,-1.04365,-0.287473,0.159768,9.80712
29.1,-0.00317568,8.76009e-05,-1.00036,-0.126408,0.192817,9.80328
29.11,-0.00691456,-0.00169568,-0.987159,0.0293697,0.171999,9.79525
29.12,-0.00344336,0.00760561,-0.994066,0.358292,-0.00172774,9.80233
29.13,0.000741904,-0.00246104,-1.02365,0.641683,-0.111962,9.80128
29.14,-0.0020957,-0.00738009,-1.10006,0.777334,-0.0999583,9.80285
29.15,-0.00432087,-0.00942616,-1.15086,0.894453,-0.0945987,9.79704
29.16,-0.00540051,0.000859264,-1.22158,1.07833,-0.211186,9.82139
29.17,-0.00278133,0.00361047,-1.30983,1.0055,-0.13551,9.78839
29.18,-0.00138306,-0.00418727,-1.34586,0.350651,-0.318821,9.79475
29.19,0.00108999,0.00128488,-1.35556,0.250513,-0.694019,9.80286
29.2,-0.011802,0.00338198,-1.35212,0.210718,-0.710165,9.81325
30.1,0.00232861,0.00723688,-1.3445,0.244314,-0.665601,9.7919
30.11,-0.00545426,0.00257861,-1.35242,0.248528,-0.668283,9.79849
30.12,0.00220104,-0.00827787,-1.34541,0.235653,-0.669043,9.80339
30.13,-0.00518746,-0.00400652,-1.35152,0.228517,-0.67598,9.80714
30.14,-0.0012312,0.00507285,-1.34577,0.0515023,-0.711015,9.7964
30.15,0.000736518,-0.000280345,-1.30906,-0.335897,-1.05074,9.79072
30.16,-0.0027207,-0.000146723,-1.26159,-0.222757,-0.927296,9.8108
30.17,-0.00446658,-0.00103325,-1.21385,-0.0751744,-0.76207,9.8031
30.18,-0.00138086,0.00133077,-1.19875,0.126069,-0.617739,9.80318
30.19,-0.0174337,0.00898759,-1.20176,0.316608,-0.50956,9.80388
30.2,0.0002371,0.00173674,-1.2228,0.515892,-0.401639,9.80374
30.21,-0.00787644,0.0042306,-1.25739,0.701441,-0.285491,9.79109
30.22,0.00376751,-0.0105401,-1.31254,0.883371,-0.241221,9.78479
30.23,-0.00293847,0.00583356,-1.34219,0.348305,-0.607309,9.81228
31.1,-0.00455977,0.00272006,-1.34969,0.266054,-0.675516,9.80107
31.11,-0.00575446,0.00169515,-1.3499,0.264531,-0.6387,9.80775
31.12,-0.00731819,0.00289324,-1.34778,0.185321,-0.707562,9.79894
31.13,-0.013041,0.00627248,-1.35475,0.250708,-0.655098,9.80457
31.14,-0.00230349,-0.00321165,-1.35659,0.240024,-0.666311,9.80405
31.15,-0.00117624,0.00744807,-1.35028,0.244091,-0.671915,9.80053
31.16,-0.00487745,0.00872701,-1.35176,0.244075,-0.669434,9.79705
31.17,-0.00639828,-0.00117346,-1.35334,0.220668,-0.678309,9.79791
31.18,-0.00104813,0.00426816,-1.34548,0.239135,-0.676212,9.80109
31.19,0.00281519,0.00567754,-1.36183,0.241474,-0.674804,9.80126
31.2,0.0065689,-0.00188946,-1.35635,0.0989452,-0.725753,9.79779
32.1,-0.0100583,-0.00403297,-1.32162,-0.141385,-0.926234,9.81948
32.11,-0.00486736,0.00598556,-1.29086,0.124822,-0.729243,9.77526
32.12,0.000140108,0.00461705,-1.30287,0.320853,-0.577703,9.81108
32.13,0.00255464,0.00844824,-1.3162,0.547944,-0.445544,9.79061
32.14,0.0118103,0.00662976,-1.34285,0.476424,-0.515036,9.79535
32.15,0.00340464,0.003441,-1.35204,0.275396,-0.685338,9.8011
32.16,-0.00140841,-0.000934561,-1.34497,0.258541,-0.662021,9.80365
32.17,0.0036476,-0.0104774,-1.35598,0.311016,-0.723078,9.80018
32.18,-0.00223459,-0.00390032,-1.34355,0.407419,-0.786529,9.80197
32.19,0.00568305,6.99714e-05,-1.32714,0.547734,-0.847755,9.80611
32.2,-0.00585194,-0.001114,-1.27525,0.597151,-0.8865,9.8023
32.21,-0.00118577,-0.00184403,-1.24424,0.629489,-0.908453,9.80553
32.22,0.00866458,-0.000245876,-1.20634,0.641293,-0.898825,9.80397
33.1,-0.00524949,0.00095477,-1.16702,0.61359,-0.886354,9.79787
33.11,-0.00240904,0.00129634,-1.12867,0.572721,-0.854397,9.80919
33.12,-0.00726725,0.0047844,-1.09423,0.491482,-0.815786,9.79873
33.13,0.00353487,-0.000767299,-1.0638,0.404219,-0.74081,9.79513
33.14,-0.00900144,-0.000329479,-1.05314,0.0743946,-0.543173,9.79788
33.15,-0.00316736,0.0037476,-1.08191,-0.222976,-0.377608,9.79937
33.16,-0.0070531,0.00771981,-1.11667,-0.596525,-0.272598,9.79451
33.17,-0.00508385,0.00245514,-1.1892,-0.7415,-0.215551,9.7971
33.18,-0.00453563,-0.00129477,-1.25886,-0.607727,-0.0831392,9.82558
33.19,-0.00268548,0.00678935,-1.35157,-0.00240922,-0.285225,9.7777
33.2,-0.00108662,-0.00265222,-1.34828,0.28962,-0.735511,9.80828
33.21,-0.00282252,0.00759999,-1.34368,0.252957,-0.6714,9.80125
34.1,-0.00280755,0.00161605,-1.35364,0.255051,-0.673619,9.80524
34.11,0.00719934,0.003882,-1.3469,0.252392,-0.671308,9.80237
34.12,0.000219216,0.00595916,-1.35472,0.254057,-0.674389,9.80479
34.13,-0.00147852,-0.00544453,-1.33199,0.387271,-0.898992,9.78915
34.14,-0.00557616,0.000435064,-1.10052,-1.47915,-3.18277,9.81426
34.15,-0.00814492,0.00352401,-0.66147,-1.77807,-3.36912,9.79767
34.16,-0.00471567,-0.00913514,-0.288828,1.70817,-2.15097,9.78893
34.17,-0.0094797,0.00102094,-0.0251454,1.71319,-0.959849,9.79854
34.18,-0.0020528,-0.0028863,-0.00638339,-0.000190053,0.00232679,9.78974
34.19,-0.00605713,0.00676939,0.00319359,-0.00936584,-0.00150683,9.80172
34.2,-0.00885133,0.00598595,0.000795798,-0.00523273,-0.00530559,9.79947
34.21,-0.00470748,-0.00447955,0.00115507,-0.00569438,-0.000983746,9.801
34.22,0.00084093,-0.0097198,0.0012122,0.00824069,-0.0077131,9.79756
34.23,-0.0021761,-0.00111566,0.00398343,-0.00162126,-0.00523468,9.79012
35.1,-0.00456217,-0.000818124,-0.00318407,0.00405567,-0.00339565,9.79748
35.11,-0.00772209,0.00367959,0.00247451,0.00120082,-0.00266056,9.80268
35.12,-0.00697885,0.000913783,-0.0193812,-2.04793,0.215404,9.79751
35.13,0.0012071,-0.0042955,-0.0689617,-2.59474,0.292802,9.80325
35.14,-0.0111952,0.00181537,-0.105121,-2.56971,0.229891,9.80213
35.15,-0.00243834,-0.00166035,-0.141582,-2.56516,0.205975,9.80686
35.16,-0.00752787,-0.000543223,-0.18806,-2.55741,0.206804,9.79562
35.17,0.00192538,0.0117806,-0.219885,-2.57241,0.210327,9.80389
35.18,-0.0135138,0.00417706,-0.263537,-2.56467,0.204659,9.803
35.19,-0.0027642,0.00163427,-0.310429,-2.57045,0.203566,9.80363
35.2,0.000104417,0.00378856,-0.319776,-1.94492,-0.246319,9.80624
36.1,-0.00219297,-0.00105446,-0.228832,-1.23678,-0.818051,9.80457
36.11,-0.0130109,-0.00344097,-0.102945,-1.23592,-0.783757,9.79082
36.12,-0.00278107,0.000644167,-0.012394,-0.51595,-0.346208,9.80672
36.13,-0.00129866,0.00307599,0.000377982,-0.00769167,0.00772935,9.80596
36.14,-0.00837884,0.0107873,-0.00100231,-0.00253155,0.00502718,9.80147
36.15,7.32703e-05,0.000533277,-0.00346594,-0.0014556,0.00810292,9.79807
36.16,-0.0091774,0.00130799,0.0173525,3.9236,0.0240577,9.8137
36.17,0.00130055,0.00415392,0.00668979,3.8521,-0.00173576,9.80235
36.18,-0.00490799,-0.00358414,0.0341473,3.43884,0.197135,9.80792
36.19,-0.00357024,0.00597147,0.113499,2.99655,0.677247,9.79483
36.2,-0.00294066,-0.00238529,0.222806,2.89944,0.245261,9.80716
36.21,-0.00498388,0.000129923,0.287241,3.00841,0.286302,9.80636
36.22,-0.00126498,0.00524885,0.279036,2.38815,0.240453,9.80017
37.1,-0.00298057,0.00388214,0.167909,1.38184,-0.581808,9.80271
37.11,-0.000170108,0.00270219,0.0375981,1.08411,-0.698917,9.80068
37.12,0.00212472,0.00203748,-0.00239989,-0.019447,0.0219836,9.79832
37.13,-4.36658e-05,0.00443869,0.00825215,-0.00202727,0.00230499,9.80243
37.14,-0.00631118,0.00513171,0.00325614,-0.00741609,0.00716523,9.80173
37.15,-0.00285577,-0.00825902,-0.000271982,-0.01717,0.00201002,9.79962
37.16,-0.00232543,-0.00871199,0.0032703,-0.0193394,0.00130082,9.79331
37.17,0.0023637,0.00616789,0.00666936,0.0147431,0.0043461,9.80142
37.18,-0.00161543,0.00996067,0.00384151,0.000774694,0.00307066,9.80404
37.19,0.00287454,-0.00316333,0.011184,-0.00526061,0.00129788,9.80628
37.2,-0.00377252,0.0021263,-0.00115525,0.00230745,-0.00253402,9.80282
37.21,-0.000509735,-0.000235974,0.00368957,-0.00282573,0.00607755,9.79658
38.1,-0.00115321,0.0028804,0.00728062,0.00149544,0.00519259,9.80857
38.11,-0.00192848,0.00300324,-0.000854055,-0.0053336,-0.00611334,9.80215
38.12,-0.00572135,0.0067385,0.00597247,-0.0018006,-0.00467954,9.8041
38.13,0.000608685,0.00263563,-0.00641145,-0.0134684,0.00264695,9.80065
38.14,-0.00385897,0.00635006,0.00618462,0.00483902,-0.00907171,9.80077
38.15,-0.0109693,-0.00926537,0.00646506,-0.000898445,0.00389303,9.79915
38.16,-0.00308449,-0.00284919,0.00200068,0.00209576,-0.00364956,9.80197
38.17,0.00712853,0.00291129,0.00731569,0.00165537,0.00256924,9.80188
38.18,0.00103369,0.00485582,0.00169437,0.0119853,-0.0013296,9.81038
38.19,0.00107879,8.56479e-05,-0.00305322,0.0024063,0.000677571,9.79392
38.2,0.00136724,-0.00581089,0.00258356,0.00648881,0.00160532,9.8039
38.21,-0.00881927,-0.00166143,-0.00380899,-0.162997,0.0977482,9.79821
38.22,0.00307973,0.00611768,-0.130886,-0.833058,0.686265,9.79292
38.23,-0.00151939,0.00565557,-0.259629,-1.35038,0.791891,9.8059
38.24,0.00103265,0.00357198,-0.37586,-1.8352,0.889663,9.79562
39.1,-0.00623114,0.00819123,-0.496573,-1.63431,0.612963,9.80112
39.11,-0.00431685,0.00999384,-0.631514,-1.16367,0.436544,9.79721
39.12,-0.0110282,0.00492057,-0.662424,0.047535,-0.185801,9.7993
39.13,-0.0121976,0.00687852,-0.68008,0.291169,-0.11028,9.80243
39.14,-0.00233438,-0.00145044,-0.704658,0.485904,-0.0150694,9.79806
39.15,-0.00966254,-0.000259579,-0.763088,0.656037,0.0490507,9.8
39.16,-0.00379688,-0.00376871,-0.815766,0.814124,0.178564,9.79709
39.17,-0.00255616,0.000228469,-0.900426,1.02245,0.217986,9.79492
39.18,-0.00409782,0.00618362,-0.993649,1.22526,0.266273,9.79512
39.19,0.00256125,-0.00666077,-1.03776,-1.22738,-0.662129,9.80394
39.2,-0.00453753,-0.00300319,-0.878034,-3.62241,-2.01321,9.81008
40.1,0.00771599,0.00793799,-0.638882,-3.61551,-1.73892,9.80593
40.11,0.00603504,0.00507149,-0.388559,-3.61462,-1.65205,9.80442
40.12,-0.00456687,0.00147775,-0.16495,-3.60977,-1.57613,9.79136
40.13,-0.00452691,0.00387155,-0.000176682,-3.53915,-0.392062,9.79915
40.14,-0.00280261,0.00312119,0.00068491,-2.29428,0.0447739,9.81242
40.15,-0.00274594,0.00368532,0.00412468,-0.00267894,-0.0217765,9.80896
40.16,-0.000811041,0.00694197,-0.0102863,-0.00504289,-0.00830081,9.80513
40.17,-0.00234272,-0.000351578,0.00476642,-0.00274987,0.00110743,9.80224
40.18,0.000838096,0.00547376,0.00520072,0.000931985,-0.00409674,9.7951
40.19,0.00155942,-0.000416229,-0.00348971,0.00839292,-0.00878135,9.80048
40.2,-0.00481997,-0.00243031,-0.00220309,-0.000506924,-0.0147851,9.8081
40.21,-0.0021384,-0.0010869,0.00219761,-0.00239867,0.00434043,9.80041
41.1,-0.0101459,0.00527601,0.00393273,0.00690198,-0.00407058,9.8011
41.11,0.00480151,0.000581949,0.0120361,2.59524,-0.00416277,9.79598
41.12,-0.00314778,0.00849745,-0.000651371,5.22104,0.00159143,9.80392
41.13,-0.00423381,-0.00255288,-0.013984,3.94587,-0.024868,9.80849
41.14,0.00080561,-0.00204651,-0.141243,1.87083,-0.173509,9.80674
41.15,0.00182124,0.000242692,-0.286614,1.95624,-0.214706,9.79691
41.16,0.00255476,0.00153027,-0.429024,1.87284,-0.165069,9.79685
41.17,1.28485e-05,0.00179422,-0.551729,1.66557,-0.0913714,9.8014
41.18,-0.00519374,0.00634765,-0.656134,1.30478,-0.0117487,9.79618
41.19,-0.00280333,0.00804295,-0.764578,0.779071,0.0800466,9.79869
41.2,-0.00221111,0.00649611,-0.81978,0.152727,0.128537,9.80548
41.21,-0.00616659,-0.00737067,-0.858167,-0.390186,0.135047,9.78816
41.22,-0.00817231,0.00930342,-0.876903,-0.163559,0.0953927,9.80297
42.1,-0.00246261,-0.00720026,-0.912785,0.162798,0.0888258,9.79409
42.11,0.00205422,0.00347439,-0.948194,0.504314,0.0767568,9.79429
42.12,0.00151132,0.00689356,-0.991389,0.832457,0.0544511,9.79619
42.13,0.00109352,0.00324248,-1.04795,1.16151,0.0117268,9.81275
42.14,-0.00493914,-0.00262625,-1.1133,1.51145,-0.0778196,9.79196
42.15,0.00592482,0.00951484,-1.17093,1.81449,-0.276407,9.79977
42.16,-0.00295084,-0.00186606,-1.18297,0.879056,-0.0459182,9.79986
42.17,0.00418904,-0.000143291,-1.1218,0.68793,0.0637017,9.80777
42.18,0.00992205,0.00644378,-1.06209,0.568575,0.121984,9.79878
42.19,-0.000159114,0.00250085,-1.04626,0.692324,-0.19354,9.80076
42.2,-0.0031851,0.00543467,-1.05866,0.517253,-0.463292,9.79646
42.21,-0.00469527,-0.00178948,-1.09895,0.263465,-0.353346,9.7968
42.22,-0.00613623,0.00479576,-1.14037,-0.11598,-0.197286,9.80506
43.1,-0.00898147,0.0073969,-1.2075,-0.487147,-0.213026,9.80787
43.11,-0.0058409,0.00380114,-1.29817,-0.755511,-0.0712488,9.7907
43.12,-0.0103444,-0.000818015,-1.41645,-0.987003,0.0321771,9.82051
43.13,-0.00159406,-0.00136055,-1.44558,-0.334417,-0.9651,9.78369
43.14,-0.00990957,-0.00484903,-1.43054,-0.42905,-0.818955,9.78663
43.15,-0.00787763,0.00579252,-1.42833,-0.292317,-0.829837,9.78393
43.16,-0.0110985,0.00420762,-1.39886,0.132289,-0.795611,9.80676
43.17,-0.00890312,-0.0102307,-1.38156,0.550053,-0.867387,9.80311
43.18,0.0041316,0.00210005,-1.33607,0.775195,-0.843773,9.80043
43.19,-0.00754692,0.0108735,-1.34122,0.412481,-0.55393,9.80148
43.2,-0.0110153,-0.00240351,-1.35539,0.296461,-0.655936,9.79712
44.1,-0.00188987,-0.0050292,-1.30855,0.309078,-1.46799,9.7933
44.11,-0.00560422,-0.000293871,-0.908972,-2.08828,-4.15312,9.80542
44.12,0.000304328,0.00495767,-0.380407,-0.118021,-3.41799,9.8039
44.13,-0.00564739,0.00768441,-0.0627044,2.35284,-1.13067,9.81108
44.14,-0.00418209,-9.56523e-05,0.00591754,-0.00366471,-0.00349721,9.79807
44.15,-0.00168872,0.00853172,0.00859097,0.000472513,-0.0060062,9.80796
44.16,-0.00236808,-0.000886818,0.000471014,-0.00163077,-0.0100296,9.79741
44.17,-0.00344394,0.00747278,0.00518987,0.00528907,-0.000117555,9.79101
44.18,-0.00279448,0.00126649,0.00152723,-0.0148351,-8.04249e-05,9.79703
44.19,-0.00385222,-0.00366813,0.00693025,0.00579795,-0.0076586,9.80866
44.2,-0.00354107,0.000596648,-0.0044975,0.00513011,-0.00071959,9.80422
44.21,-0.0110413,0.00354845,7.853e-05,0.00286291,-0.00512016,9.80144
44.22,-0.00800207,0.00834248,-0.000106748,-0.159171,-0.00465357,9.81663
44.23,0.000493483,0.0063495,0.00074923,-2.91666,-0.00205568,9.77549
45.1,0.00288223,0.00617296,-0.00357472,-2.86366,0.00836624,9.80699
45.11,-0.00308126,0.00240829,0.00992818,-2.86731,-0.00273973,9.80189
45.12,-0.00935551,-0.000878549,0.00244009,-2.86094,0.00648008,9.79315
45.13,-0.00217651,0.00689241,0.0129197,-2.86691,0.00654288,9.81071
45.14,0.00904043,0.00231577,0.000949017,-2.85441,-0.00296675,9.79495
45.15,-0.00510287,0.00563336,0.0119806,-2.86061,-0.00859227,9.80556
45.16,-0.00726225,-0.000484705,0.00396043,-2.86198,-0.00325726,9.79706
45.17,-0.00228312,-0.00672957,0.00644047,-1.8898,-0.0078208,9.80544
45.18,-0.00761565,0.00197912,0.00279089,-0.00420853,0.00423639,9.80383
45.19,-0.00858542,-0.00258066,0.00388546,0.00505707,0.00447601,9.80258
45.2,-0.00196053,0.00136418,-0.00833255,0.00903718,0.000898104,9.79905
46.1,0.00389097,0.00428931,0.000875824,0.00230486,0.00198627,9.80285
46.11,-0.0037514,0.0036831,-0.00151556,-0.00139804,-0.00303485,9.80708
46.12,0.00275599,0.00600888,0.0021843,0.00223252,0.00603904,9.80611
46.13,-0.0051256,-0.00836721,-0.00666294,4.60352,-0.00748364,9.79894
46.14,-0.00789575,-0.00394209,-0.00257929,5.28725,0.000590905,9.79766
46.15,-0.00281632,0.0033906,0.00358519,4.99669,-0.00376022,9.8085
46.16,-0.00382471,0.00242157,0.00698359,4.57929,0.00827431,9.80838
46.17,-0.000991065,-0.00123224,0.00426323,4.03699,-0.0044532,9.80875
46.18,-0.0128017,0.00808498,-4.86285e-05,1.47165,0.00550886,9.78762
46.19,-0.00474377,0.00541272,0.00278584,-0.00157954,-0.000910246,9.80824
46.2,-0.00158189,0.0097771,-0.00925889,0.00861703,-0.00476357,9.79291
46.21,0.000691529,0.00550436,-0.00590778,-0.008683,0.00238157,9.79947
46.22,-0.00487629,-0.00649704,0.00994416,-0.0204873,0.00454412,9.80978
47.1,-0.00169892,0.00420602,0.0021842,-0.00951179,-0.000534239,9.80381
47.11,0.000320009,0.00392533,0.00817038,0.0123903,-0.00226398,9.78869
47.12,-0.00958659,-0.00180983,0.00881437,7.43674e-05,0.00722714,9.80687
47.13,-0.00531609,-0.00267125,0.0111121,-0.00253642,-0.00322363,9.80141
47.14,0.00122964,0.00215612,-0.00205326,-0.00897401,0.00690092,9.80803
47.15,-6.59912e-05,0.0109237,-0.00623808,-0.00824833,-0.00197218,9.79591
47.16,0.00194838,0.0023417,-0.00132344,0.00638229,0.00379011,9.80152
47.17,0.00170526,0.00220357,-0.000772287,-0.00746165,0.00235061,9.78801
47.18,0.00239906,0.00332969,0.00199286,0.00229648,-0.0025586,9.79544
47.19,-0.00302094,0.00162694,0.00109808,-0.0038862,0.00285824,9.79546
47.2,8.16525e-05,-0.00125983,0.00676154,0.000842671,-0.00491051,9.80196
47.21,0.0012538,0.000997484,-0.000207691,-0.00735389,-0.00829476,9.80501
48.1,-0.00626572,0.00960899,-0.0024192,0.00158648,0.000445865,9.80533
48.11,-0.0103741,0.00913354,-0.00839333,0.000360165,-0.00171344,9.79766
48.12,-0.00248223,0.00515578,-0.0103501,0.00356366,-0.000809462,9.80652
48.13,-0.00591482,0.00246946,-0.00224158,-0.00336716,-0.0086757,9.79637
48.14,-0.00186327,0.00660643,0.112607,0.428775,-0.237371,9.79783
48.15,0.0027289,0.00575252,0.284784,0.645001,-0.195307,9.80356
48.16,-0.00370861,0.0162007,0.464957,0.863401,-0.102731,9.7954
48.17,-0.00536817,-1.99914e-05,0.637213,1.00634,-0.0519303,9.8012
48.18,0.00115072,0.00787947,0.814793,1.04107,-0.047168,9.79859
48.19,-0.0022235,-0.00355158,0.959648,-0.0188568,-0.368287,9.8078
48.2,-0.00410402,0.005588,1.01707,-0.484143,-0.485617,9.79363
48.21,-0.00498277,0.00498831,1.06699,-0.555837,-0.470824,9.80604
48.22,0.000149671,0.00464162,1.13021,-0.645184,-0.442397,9.80183
48.23,0.00024666,0.00106369,1.20261,-0.893046,-0.419528,9.79519
49.1,-0.0122935,0.00443637,1.27208,-1.26429,-0.383325,9.80555
49.11,0.00205978,0.00412883,1.28069,-0.119772,0.393919,9.80197
49.12,0.00584878,0.00181954,1.2599,-1.06744,0.885707,9.81014
49.13,-0.00477783,-0.00151444,1.1225,-3.13602,1.81236,9.80423
49.14,0.000329958,-0.0022101,0.917943,-3.22498,1.7881,9.80239
49.15,-0.00309901,0.00677645,0.687381,-3.23227,1.68479,9.8174
49.16,-0.00756571,0.000735578,0.472261,-3.24491,1.60653,9.80144
49.17,-0.0028116,0.00184021,0.236269,-3.23627,1.56132,9.79424
49.18,-0.00179183,0.0114461,0.0251705,-3.20435,0.866757,9.7984
49.19,-0.00177918,-0.00625243,0.010222,-3.06146,-0.0193653,9.819
49.2,0.00284764,-0.00299524,-0.0044288,-0.0501933,-0.0189323,9.78298
50.1,-0.0126776,0.00867479,0.00344979,-0.000246412,-0.00259219,9.79421
50.11,-0.00220748,-0.00217685,0.00402888,0.000234084,-0.000221293,9.8064
50.12,-0.0179584,-0.00310008,0.00372406,-0.00175571,0.00397763,9.79939
50.13,-0.00918118,0.00397802,0.00714661,0.00501627,-0.00653729,9.80139
50.14,0.00434214,-0.00476258,0.0021952,0.00886931,-0.000625755,9.80163
50.15,-0.000767128,-0.00848696,0.000505031,0.00109299,-0.000828044,9.81302
50.16,-0.0120578,-0.00538899,-0.00469026,0.822849,-0.0142738,9.80197
50.17,0.00264513,0.000882984,-0.00923233,3.31309,-0.0127097,9.80578
50.18,-0.00275325,0.00156083,-0.00308673,3.40964,0.0445612,9.80225
50.19,-0.00690053,-0.00459553,0.00815089,3.48563,-0.0142681,9.83866
50.2,-0.00533463,-0.000551353,0.058801,0.894723,0.0288099,9.766
50.21,-0.00907554,0.00405241,0.138956,0.990014,-0.00952703,9.8081
50.22,-0.000796578,-0.00516957,0.225833,1.30005,0.0912281,9.79068
51.1,-0.00965636,0.00867026,0.345048,1.63804,0.18349,9.80994
51.11,-5.0367e-05,0.00166926,0.456174,1.92704,0.253805,9.79703
51.12,-0.00782426,-0.00584539,0.579304,2.19932,0.293107,9.8068
51.13,-0.00860989,-0.00279249,0.698422,2.38551,0.295019,9.80013
51.14,-0.00622973,0.00885569,0.819339,2.4964,0.269072,9.79063
51.15,-0.000624453,-0.00263926,0.94279,2.52564,0.21128,9.801
51.16,-0.00782571,-0.00347049,1.01912,1.30493,0.122714,9.80336
51.17,-0.000633468,0.00828608,0.967492,0.586485,0.0016031,9.8061
51.18,-0.00466605,-0.0079063,0.924351,0.477829,-0.0468646,9.79822
51.19,-0.00725435,-0.00102566,0.880677,0.331355,-0.0195081,9.79578
51.2,0.00439952,-0.000530503,0.874164,-0.0274599,-0.06182,9.7956
51.21,-0.000953996,0.00247815,0.881358,-0.388519,-0.0255141,9.78744
52.1,0.00575162,-0.00760227,0.912727,-0.348261,-0.0973733,9.80211
52.11,-0.00769437,0.00424173,0.952209,-0.304134,-0.159673,9.8038
52.12,-0.0044846,0.011919,1.00626,-0.348119,-0.226938,9.80005
52.13,-0.00349433,-0.00259833,1.05371,-0.4238,-0.309184,9.80648
52.14,6.74549e-05,0.00787881,1.1213,-0.438713,-0.355803,9.8034
52.15,-0.0013924,0.0102333,1.17163,-0.349113,0.0974578,9.80281
52.16,0.00140369,0.00273087,1.23914,-0.42248,0.272245,9.79756
52.17,-0.000923849,0.00591089,1.31547,-0.449314,0.225568,9.80204
52.18,0.00408222,0.00394141,1.34799,-0.0233704,0.48857,9.79414
52.19,-0.00345675,2.66022e-05,1.36116,0.258829,0.675746,9.80625
52.2,-0.00658764,-0.00730059,1.36,0.258063,0.658012,9.80456
52.21,-0.00752511,0.00175062,1.35961,0.239295,0.666793,9.81037
52.22,-0.00339503,0.00299831,1.35726,0.214719,0.736516,9.79091
52.23,-0.00804949,0.00372058,1.35303,0.238393,0.644586,9.81048
53.1,-0.000965982,0.00175824,1.35698,0.238288,0.669827,9.80697
53.11,-0.0111438,0.00676498,1.35168,0.247903,0.685117,9.79785
53.12,-0.000220447,-0.0079109,1.34881,0.235945,0.669964,9.80205
53.13,-0.00344867,0.0080945,1.39871,-2.36389,0.17393,9.79493
53.14,0.00211183,0.00631567,1.50905,-2.99656,-0.205622,9.79456
53.15,-0.00964889,0.00495435,1.61809,-2.03997,0.0962808,9.78288
53.16,0.00138141,-0.00225931,1.57482,-0.539017,1.26015,9.81313
53.17,-0.00954152,0.013806,1.48259,-0.59327,1.03633,9.80535
53.18,-0.00252062,-0.00067065,1.40174,-0.60839,0.998255,9.79295
53.19,0.0035727,0.00379632,1.30507,-0.705698,0.980162,9.80226
53.2,-0.00719456,0.00252215,1.20594,-0.768803,0.919913,9.79751
53.21,0.000139972,-0.00150268,1.12028,-0.790702,0.886457,9.79518
54.1,-0.0061701,0.00573481,1.02022,-0.813055,0.833688,9.80302
54.11,0.00599442,0.00908515,0.936129,-0.845342,0.803464,9.79994
54.12,-0.000237588,-0.00398582,0.847678,-0.871418,0.773548,9.79825
54.13,0.000367166,0.0038972,0.750657,-0.877846,0.738375,9.80012
54.14,-0.00164803,-0.0147697,0.660143,-0.902775,0.69242,9.80718
54.15,0.00472121,0.00510355,0.558848,-0.922506,0.681256,9.7992
54.16,-0.00122251,-0.00416647,0.452768,-0.934127,0.665447,9.80613
54.17,0.00651578,0.00768687,0.379089,-0.946052,0.636545,9.80345
54.18,0.00292457,0.00917744,0.27552,-0.949516,0.615084,9.79457
54.19,0.00089295,0.00522507,0.193585,-0.956671,0.612862,9.8002
54.2,0.0056511,0.00249745,0.0934071,-0.990684,0.634422,9.78933
54.21,0.00173658,-0.00240985,0.00814626,-0.560155,0.326799,9.81896
54.22,-0.00389488,0.00248772,0.012796,0.0514733,-0.0200071,9.80661
55.1,-0.00910582,-0.00191086,-0.0130638,-0.00843534,-0.00702625,9.79986
55.11,-0.00700346,0.0123541,0.00579753,-0.00519994,0.000250261,9.8039
55.12,-0.0109104,0.00845705,0.00339665,-0.00340036,-0.000380213,9.801
55.13,-0.00971191,-0.0118059,0.00532161,-0.000190682,0.0082136,9.79476
55.14,-0.00125103,0.00591296,-0.00524746,0.00486427,0.0123758,9.80141
55.15,0.00015231,0.00649903,-0.00276174,-0.00264205,0.00109498,9.79351
55.16,0.00076746,0.00712237,0.00255428,0.00424962,-0.000478459,9.80465
55.17,-0.00865526,0.00137614,-0.00337036,-0.00820468,-0.00420488,9.80751
55.18,-0.00902522,0.00927432,0.00479361,-0.00904997,0.00687588,9.79664
55.19,0.00188332,-0.00418546,0.00423302,0.000333192,0.00522153,9.8
55.2,-0.00085051,0.00242946,0.00412323,0.00391903,-0.000957415,9.80093
56.1,-0.000668016,0.00925645,0.00504609,0.00188956,0.00139943,9.80517
56.11,-0.00314537,0.00542645,0.0100134,0.00331286,-0.00725084,9.80595
56.12,-0.00288822,0.000115932,-0.00302495,-0.00294064,-0.00951442,9.81027
56.13,0.00153086,0.00496611,0.0133675,-0.0112699,0.000849743,9.80379
56.14,-0.00883536,0.00294909,0.000965523,0.00535819,0.00086185,9.80408
56.15,-0.00329445,0.00268498,-0.00261209,0.00318867,-0.00833891,9.80068
56.16,-0.00187137,0.00426718,-0.00219323,0.00307608,-0.00263801,9.79383
56.17,-0.00158456,-0.00288091,0.0133359,-0.00401906,0.00101065,9.8022
56.18,0.00236607,0.01171,0.00613265,0.003505,-0.000115457,9.80211
56.19,0.00272298,0.00777396,0.00694053,-0.00627796,0.00415427,9.81356
56.2,-0.000876041,0.00957404,-0.0115099,-0.00445839,-0.00121985,9.80522
56.21,0.000985224,0.00603055,-0.00154154,-0.00464439,0.000290341,9.80334
56.22,0.00596146,0.00603971,0.00382348,-0.00510947,-4.96895e-05,9.80179
57.1,-0.00531384,-0.00134913,-0.00217369,0.00256878,-0.00163881,9.79543
57.11,-0.00655254,0.00260421,-0.00253192,0.00239071,0.0159666,9.80521
57.12,-0.014347,0.00335404,-0.0098545,0.00269195,-0.00883245,9.80657
57.13,0.00371169,0.00357796,0.00792734,-0.00396332,-0.00584113,9.79292
57.14,-0.00118237,0.0003166,-0.0143756,0.00280577,-0.000935705,9.79981
57.15,-0.00820025,0.00267022,0.00753363,0.00691201,-0.00410816,9.80744
57.16,-0.0032636,0.00265567,0.00130566,-0.00542845,-0.0122432,9.81076
57.17,0.00107802,0.00411554,0.0091847,-0.00987741,-0.00428866,9.80486
57.18,-0.00201735,0.00622329,0.00176145,-0.00892272,-0.00736095,9.79792
57.19,-0.00192286,0.00228832,0.00387218,-0.000399717,-0.00510011,9.80081
57.2,-0.0113624,0.00838496,0.00291439,-0.00446137,-0.000664247,9.80376
57.21,0.00732733,-0.00448694,-0.00976467,-0.00701395,0.00808971,9.80583
58.1,0.00369855,0.00056363,0.00311413,0.00617293,-0.00800716,9.80492
58.11,-0.00362449,0.000815478,-0.00835277,0.0032428,0.00260478,9.80528
58.12,-0.00379233,0.00559951,0.00341162,-0.00725421,-0.00302766,9.80285
58.13,-0.00159248,0.00770517,-0.00662364,0.00187737,0.000658623,9.80196
58.14,-0.0074542,0.00774554,-0.0029221,0.00146563,-0.00437609,9.79708
58.15,0.00252367,0.00777047,0.00055457,-0.000509406,-0.00589775,9.80298
58.16,-0.00421467,0.00342509,0.00392248,-0.00282231,-0.00286671,9.8054
58.17,-0.0063227,0.00294131,-0.00101379,0.000301161,-0.00518178,9.79974
58.18,-0.00746971,0.00384549,0.0145994,-0.0107835,-0.00123753,9.80139
58.19,0.000901194,0.0154689,-0.000104122,0.00071299,0.000127704,9.80995
58.2,2.3289e-05,-0.00311974,0.00214317,-0.00568017,-0.00624076,9.80151
58.21,0.000600693,0.00244627,0.00289583,-0.00504353,-0.00738749,9.79992
58.22,-0.0071011,0.00307702,0.00478043,-0.00393953,-0.00265976,9.80192
59.1,-0.00527235,0.00946355,-0.00653725,-0.00445754,0.00529539,9.79869
59.11,-0.00119665,0.00355345,-0.00338886,-0.00951865,-0.00200907,9.80097
59.12,-0.00659349,-0.00670553,-0.00288915,-0.00376735,0.000355378,9.8041
59.13,-0.00616273,-0.0018968,-0.00180572,-0.00710756,-0.00478161,9.79749
59.14,-0.00103264,0.00560044,0.0062192,-0.0068108,0.00644608,9.80115
59.15,-0.000646899,0.00750983,-0.00184372,0.000506624,0.000214095,9.80095
59.16,-0.00538876,-0.000554008,-0.000823362,-0.000510216,0.000155882,9.80323
59.17,-0.00539894,0.00326301,0.0111236,-0.00649197,-0.00432626,9.80603
59.18,0.000296744,-0.00499554,-0.000414528,-0.000487349,0.000238701,9.80048
59.19,-0.00516424,0.00108692,0.00825115,-0.00169473,-0.00852094,9.79699
59.2,-0.00223652,0.00445517,-0.00191213,0.00500089,-0.00427909,9.79718
59.21,0.00333869,0.00301744,-0.00780152,-0.000728389,-0.00242038,9.7912
60.1,0.00137363,0.00182353,-0.00322868,-7.80616e-05,-0.0071908,9.80013
60.11,-0.00273714,0.00435356,0.00401108,0.00477264,-0.0039851,9.7917
60.12,-0.00930319,0.00552853,-0.000854621,0.00198447,-0.00703019,9.80463
60.13,-0.00416695,-0.00175896,-0.00601546,-0.00276568,-0.00566066,9.78875
60.14,-0.0024734,0.00365153,0.0020944,0.011607,-0.00336229,9.7995
60.15,-0.000871633,0.00462866,0.000369017,-0.00171495,-0.00851877,9.79262
60.16,0.000930191,0.00229084,-0.00797457,-0.00277029,0.00647704,9.79325
60.17,0.00102997,-0.00479953,0.00494449,0.00135669,3.70527e-05,9.7959
60.18,-0.00982755,-0.00026439,0.00527271,0.000209209,0.00382557,9.80326
60.19,-0.00258161,-0.00220479,-0.006844,-0.00182168,0.00329031,9.80036
60.2,-0.00806525,-0.00179325,0.00800331,-0.0039859,-0.0065606,9.79755
60.21,0.00573726,0.003883,-0.00627314,0.00471465,-7.61478e-05,9.80006
60.22,-0.000650608,0.00669248,-0.00495298,-0.000682188,0.00288177,9.79311
61.1,-0.00182256,0.0100848,0.0065087,0.00588623,0.00404463,9.8097
61.11,4.76491e-05,-0.00240652,-0.00109895,0.00221425,-0.00433077,9.79676
61.12,0.0012381,0.00487807,-0.00152059,-0.00096257,-0.000827565,9.8013
61.13,-0.000103836,0.00162627,0.00856922,-0.000467307,-0.00174027,9.7908
61.14,-0.00617751,0.000554398,0.00642653,0.00428631,0.0115541,9.78863
61.15,-0.00540642,-0.000722168,-0.00324831,-0.00690856,-0.00610667,9.79928
61.16,-0.00428265,0.00696501,-0.005653,-0.00252471,-0.00486283,9.80997
61.17,0.00500678,-0.0010893,-0.00449113,0.00641912,-0.00224759,9.80272
61.18,-0.000272825,0.00291309,0.00606332,-0.00512653,-0.000640797,9.79996
61.19,0.00265533,0.000732825,0.00498537,-0.00160706,-0.00683975,9.79889
61.2,-0.000535893,0.00402573,0.00149305,0.00416128,0.000397754,9.80047
61.21,-0.0067831,0.00175056,-0.00206059,-0.0109727,-0.00460174,9.80397
62.1,-0.0141532,0.000218935,-0.00538431,0.00142606,0.00226901,9.8073
62.11,-0.00383683,0.0106081,0.000285857,-0.00247778,-0.00657217,9.79128
62.12,-0.00663542,0.00191185,0.00088054,-0.00659856,0.00420608,9.79449
62.13,-0.00849321,0.00407087,0.0136298,0.00196161,-0.0031361,9.80332
62.14,-0.00111388,0.0066269,0.0094227,-0.00152554,-0.00172565,9.80799
62.15,-0.00455711,-0.00010681,-0.00309695,0.00275039,-0.00320767,9.8066
62.16,-0.00553994,0.0124355,-0.00170927,0.000131995,0.00685442,9.80556
62.17,-0.00124643,-0.00224827,-0.0110215,0.00033905,-0.00731688,9.80134
62.18,-0.00532734,0.00459383,-0.00994763,-0.00407668,0.00433198,9.80889
62.19,-0.00563939,0.00728242,0.00344793,0.00251703,-0.00160639,9.79768
62.2,-0.000146208,0.00563732,-8.41758e-05,-0.00632219,0.0023471,9.79586
62.21,-0.010285,0.0043685,0.00516079,0.00695222,0.00941903,9.80435
62.22,-0.000397365,0.00389716,0.00649725,0.00357916,0.00121808,9.79708
63.1,-0.00924914,0.00504233,0.00587205,0.00286036,0.00946345,9.80659
63.11,-0.00118768,-0.00566272,-0.00604259,-0.00221774,-0.00399797,9.80615
63.12,-0.00381075,0.00845049,0.00531292,-0.00346074,0.00837564,9.80021
63.13,-0.0142953,0.00409039,0.00259487,0.00426668,-0.00923719,9.8071
63.14,-0.00426042,0.0046096,-0.00314474,-0.0027136,0.00690771,9.79752
63.15,-0.00384929,0.000850451,0.00206143,-0.000913478,0.0015423,9.80022
63.16,-0.00245719,-0.00243784,-0.00204956,-0.00220833,0.00166897,9.79407
63.17,-0.00623847,0.0058475,-0.00109251,-0.00438361,-0.00803856,9.8005
63.18,0.00239242,0.0119051,-0.00142294,0.0015277,0.00156547,9.80406
63.19,0.0040549,-0.00974392,0.0133548,-0.00838897,0.00155114,9.80146
63.2,-0.00266311,0.0108772,0.000378816,0.00408356,0.00373176,9.80777
63.21,-0.00614821,0.00900339,0.00080408,-0.0021822,-0.00403085,9.79989
64.1,0.00078368,0.00563806,0.0132268,-0.0101512,9.42992e-05,9.80396
64.11,0.00152856,-0.00773911,-0.00513501,-0.0109451,-0.0117284,9.80154
64.12,3.42799e-05,0.00633299,-0.00043051,-0.00516386,0.00365681,9.80427
64.13,-0.00151013,0.0126726,-0.00520418,-0.0074887,0.000504847,9.79522
64.14,0.00564868,-0.00254953,0.00979483,4.82233e-05,0.00394948,9.80171
64.15,0.00836539,0.0131173,0.00818434,-0.00319137,-0.00170322,9.79945
64.16,-0.000969626,0.00053243,0.00427577,0.000166722,0.0028896,9.80398
64.17,-0.00365012,0.00254583,0.00231548,0.00316228,-0.00251684,9.80395
64.18,-0.00241027,0.00165293,0.00361957,-1.48191e-05,0.00201236,9.80343
64.19,-0.0079071,-0.00255528,-0.00306505,-0.00517695,-6.95506e-06,9.81199
64.2,-0.001198,0.00418883,-0.000312053,-0.00496692,0.00444927,9.80215
64.21,-0.00580721,0.000462907,0.00182539,-0.00096899,0.00414635,9.79905
64.22,-0.00475949,-0.00827177,0.00539903,-0.00275322,0.00054085,9.79173
64.23,-0.00890058,0.00418772,0.0104769,-0.00746484,-0.00510489,9.80382
65.1,-0.00899219,0.00910869,-0.00299188,-0.00769269,0.0033744,9.79934
65.11,0.00828362,-0.00120477,0.00238914,-0.00139171,0.00175478,9.79903
65.12,-0.00610746,-0.00138886,2.20352e-05,0.00234215,-0.001469,9.79703
65.13,-0.0017699,0.00105994,-0.00140955,0.000883383,0.00962009,9.79854
65.14,-0.0134864,0.010532,0.00281156,0.0100999,-0.00195558,9.80846
65.15,-0.00946574,-0.00149846,-0.00383126,-0.00863842,0.00963332,9.80468
65.16,-0.00441135,0.0138996,-0.00255643,-0.00342273,-0.000422827,9.79911
65.17,-0.00236941,-0.0040379,-0.00998124,-0.00230418,0.000214905,9.80236
65.18,-0.00230489,0.0103348,0.000133236,-0.00796596,0.00531456,9.80768
65.19,-0.00547247,0.00669566,-0.00122712,-0.00497759,-0.00231086,9.79796
65.2,-0.0121028,-0.00216119,0.00222291,-0.00181909,0.00497818,9.80087
65.21,0.00742045,0.00212688,-0.0058879,0.00551938,0.00425294,9.79988
66.1,-0.00775957,-0.000655118,0.00257684,-0.00195605,-0.00255538,9.79931
66.11,0.000552444,0.00347115,0.00224298,-0.00542944,0.00117831,9.79705
66.12,-0.000955349,5.82992e-05,0.00163658,8.77112e-05,-0.00372215,9.80407
66.13,-0.0133045,0.00881946,0.00313185,-0.00693726,-0.000801667,9.80355
66.14,-0.0064442,0.0035488,-7.59979e-05,0.0048681,0.00371972,9.80944
66.15,-0.00657491,0.00667916,5.60482e-06,0.000991097,-0.00471604,9.79667
66.16,-0.0024004,0.00187332,0.0122727,0.00233013,0.000147655,9.80364
66.17,-0.00346908,0.00619137,0.00435794,-0.0100093,0.00462583,9.80734
66.18,0.00370968,0.00577147,-0.00526664,-0.00165805,0.000919099,9.80215
66.19,0.00142127,0.0108158,-0.00734087,-0.00343108,-0.00137198,9.80558
66.2,-0.00170559,0.00252751,0.00984821,0.000600577,-0.00228377,9.79581
66.21,-0.00446064,-0.00976947,0.00212035,-0.00351239,-0.0032187,9.79579
66.22,0.00086352,0.00780447,0.00121795,-0.00750597,0.00397028,9.80358
66.23,-0.0055745,0.00144794,0.00464403,0.00365842,0.00795625,9.79948
67.1,-0.00792795,0.00974904,0.000882363,0.00348903,-0.00214503,9.80528
67.11,-0.0046865,0.00375422,-0.00176053,0.00393731,0.00525241,9.80525
67.12,-0.00640483,0.00359595,-0.000329227,-4.93357e-05,0.00449832,9.80944
67.13,-0.00834798,0.0100707,-0.00380763,0.00700356,0.000786835,9.7992
67.14,-0.00399682,-0.000523321,0.00273212,-0.000503908,0.00726304,9.80502
67.15,-0.00450788,-0.00696548,0.00320201,0.00384788,-0.00284857,9.80469
67.16,0.00332416,-0.000227545,-0.000553076,-0.00286636,-0.00127119,9.79935
67.17,0.00216133,-0.000527223,-0.00305824,0.00341747,0.000841857,9.79587
67.18,0.00200374,0.00826237,0.00289638,0.00504924,-0.00105011,9.79759
67.19,0.00720267,-0.00424322,0.00114812,-0.00119809,-0.0108455,9.79626
67.2,0.000119256,0.00209906,0.00317754,-0.000284046,-0.00557499,9.79918
68.1,-0.0109823,0.00629625,0.00666987,-0.00016838,0.0142314,9.79457
68.11,0.00416112,0.00415958,0.00533771,-0.00640872,0.00635108,9.799
68.12,-0.00933578,0.0073726,0.00299019,-0.00260056,0.00626071,9.79302
68.13,-0.0105051,0.0128711,-0.00682356,-0.0017263,0.00245761,9.8113
68.14,-0.00999179,0.0119721,0.002413,-0.00257784,0.00367232,9.80084
68.15,-0.0101206,-0.00354444,0.00254097,-0.000338732,-0.00495998,9.80228
68.16,-0.00678506,-0.00796112,0.00892807,0.00522671,-0.00554179,9.79609
68.17,-0.000652595,0.00338499,-0.00313541,-0.000425392,-0.00208208,9.80415
68.18,0.00664762,0.0140558,0.00327122,-0.000713003,-0.00700708,9.8064
68.19,0.00425185,0.00119081,-0.00525417,0.000826639,0.00505946,9.80455
68.2,-0.0120548,-0.00251807,0.0154391,-0.00469859,0.0105589,9.79956
68.21,-0.00397496,0.000222188,0.000459975,-0.00451402,0.00494839,9.81395
68.22,-0.00164198,-0.00282956,0.00553137,-0.00249638,-0.00486915,9.7986
69.1,-0.00144989,-0.000151366,0.000681564,0.00766188,0.00380347,9.80267
69.11,-0.00193044,-0.01085,-0.00545191,0.00299851,-0.00358537,9.79728
69.12,-0.00651272,0.0125035,-0.00217692,0.00862006,-0.00216754,9.81206
69.13,0.00383862,-1.29896e-05,0.00200564,-0.00610517,0.00293443,9.79513
69.14,-0.0137956,-0.0067597,-0.00306763,0.0022359,-0.00893843,9.79686
69.15,-0.0030098,-0.00109638,0.0105709,0.0118377,-0.00449455,9.79077
69.16,-0.00455042,0.00569714,0.00479587,-0.00425057,0.00378845,9.80331
69.17,-0.00309025,0.00332201,0.00471263,0.00638218,-0.00249854,9.80393
69.18,-0.00353627,0.0061759,-0.00663952,-0.0098461,0.00334619,9.80104
69.19,-0.0145895,-0.00127524,0.00110398,0.00677558,-0.00912159,9.79518
69.2,0.000166463,0.00126362,0.00511235,-0.00118693,0.00836722,9.80768
69.21,-0.00167852,0.00106074,-0.010352,-0.00357562,0.00224248,9.80265
70.1,-0.00952563,0.00623166,-0.00012548,0.00235209,-0.000991456,9.80405
70.11,-0.00751078,0.00398805,-0.00725666,-0.00482486,0.00675591,9.80116
70.12,0.00132781,0.00574602,0.00553737,0.00632265,-0.00569994,9.79897
70.13,-0.00382818,0.00169695,0.00178202,0.00648747,0.00230545,9.79857
70.14,-0.00730449,0.00164486,0.0154831,-0.00806383,-0.000908041,9.80629
70.15,-0.00695007,0.0104197,0.00627942,-0.00896722,0.00184102,9.80242
70.16,-0.00864476,-0.00461104,0.00747758,0.00543894,0.00292004,9.79927
70.17,-0.00834384,0.00325998,0.00539324,-0.000250564,0.00122757,9.79402
70.18,-0.00139758,-0.00281691,0.00830309,0.00257479,-0.000567459,9.79702
70.19,0.00472162,0.00371698,0.00627015,0.00181733,-0.00948514,9.80521
70.2,0.00144347,0.00670248,0.00372065,-0.0105542,-0.00106357,9.80681
70.21,-0.00608592,0.00521319,0.00684165,0.000720921,0.00131762,9.8023
